tanggal_pencarian,sesak napas,obat batuk,gejala dbd
2026-07-26,0,0,0
2026-07-27,0,0,0
2026-07-28,0,58,0
2026-07-29,0,0,0
2026-07-30,0,0,0
2026-07-31,0,57,0
2026-08-01,0,0,0
2026-08-02,0,69,0
2026-08-03,0,0,0
2026-08-04,0,0,0
2026-08-05,0,0,0
2026-08-06,0,0,0
2026-08-07,0,67,0
2026-08-08,0,79,0
2026-08-09,0,100,0
2026-08-10,0,70,0
2026-08-11,0,0,0
2026-08-12,15,62,4
2026-08-13,11,59,0
2026-08-14,7,61,0
2026-08-15,9,56,0
2026-08-16,12,56,0
2026-08-17,9,58,0
2026-08-18,9,58,0
2026-08-19,11,61,3
2026-08-20,11,59,0
2026-08-21,10,52,0
2026-08-22,8,60,0
2026-08-23,7,64,0
2026-08-24,12,56,0
2026-08-25,13,64,0
2026-08-26,10,59,0
